CourseId,courseName,teacher,score
359003,信号与系统,陈后金,4.7
1003479006,Python语言基础与应用,陈斌,4.9
1002731009,C++语言程序设计,姚雅鹃,4.4
1205988807,Java程序设计,王建新,4.8
1206675864,智能控制导论,刘辉,4.9
1002084012,民事诉讼法学,段文波,5.0
1001609001,民族声乐进阶密码――石春轩子教学示范课堂,石春轩子,4.8
1003368008,技术经济与企业管理,方勇,4.9
1002530002,微积分基础,王冠香,4.8
1206135804,秭归野外地质实践教学,陈丽霞,4.5
1206358801,中学英语课堂教学活动设计,向宗平,4.9
19001,管理概论,邢以群,4.9
1003544081,中国现代小说选读,戴莉,5.0
1205916813,电路原理,李华,4.8
1002599066,高等数学习题课（1）,蒋晓芸,4.7
97001,大学物理-电磁学和光学,李玉香,4.3
1206681827,中国价值投资,高杰英,4.8
1003592005,教师情绪管理,叶映华,4.8
1002525008,材料成形力学,王平,4.8
1206144806,民法学,刘晓纯,4.9
1206663802,算法与数据结构,吴福英,4.8
1003766003,环境变化与人类健康,奚耕思,5.0
1003475013,外国法制史,李栋,4.6
1206504809,实验心理学：学会研究身边的现象,冉俐雯,4.8
1206448817,幸福心理学,雷鸣,4.5
1001515007,沟通心理学,裴秋宇,4.7
1205705801,生物化学实验,石艳,4.9
1002415003,如何进行英语教学评价,黄丽燕,4.8
1205908804,基础教育改革,温恒福,4.4
1001508001,线性代数与空间解析几何（二）,黄廷祝,4.8
168005,高速铁路运输组织,彭其渊,4.9
1206451838,外语教师专业能力发展,高惠蓉,4.8
1205898821,大学物理（一）,李旭光,4.9
1206703821,人工智能之模式识别,高琪,4.8
1002126004,户外绳结及应用,魏勇生,4.9
1205730810,《孟子》精读,吴国武,5.0
1001616012,程序猿与攻城狮,刘钦,4.8
1002877001,省思古今话人生,孙芳,4.8
1002857006,世界现代史,李昌新,4.8
1206457831,国际贸易,张玮,5.0
1206462819,组织行为学,郝旭光,4.9
1002527015,管理的艺术,田鹏,4.6
1001893005,心理咨询的理论与方法：会谈技巧,陈昌凯,4.8
217012,高等数学（二）,朱晓平,4.5
1206828802,高等数学,朱士信,4.8
1206447819,办公软件高级应用,李玉霞,4.6
1002479004,微观经济学,杨志海,4.7
1001755160,水利工程概论,包耘,4.8
1001556009,数学建模,谭忠,4.4
1205594801,神经病学,朱遂强,4.7
447002,人人爱设计（下）,王震亚,4.9
1001593008,大学物理――机械振动、波和波动光学,刘丹东,4.9
1002419002,教师课堂教学技能的自我提升,纪方,4.8
1206687836,MySQL数据库设计与应用,赵晓侠,4.9
1205976804,呼吸系统疾病影像与临床,庞龙滨,4.9
1001956010,流行病学基础（二）,吴涛,4.7
1001514002,物理与艺术,施大宁,4.9
1003016010,生物教学法,张颖之,4.9
1001945002,管理会计学,李玉周,4.9
1206451831,翻译理论与实践,曾剑平,4.5
1001621003,无机及分析化学（下）,王运,4.6
1003542130,VR教育资源快速开发与应用,杨上影,4.7
1206144803,冶金概论,王炜,4.6
1001916004,大学物理―光学,李雪春,5.0
1205730816,法说西游记,蒋海松,4.9
1003366021,国际贸易实务,莫莎,4.9
1206017807,刑法学总论专题,曾文科,4.8
1003647003,品牌管理,杨翩翩,4.8
1206451813,哲学导论,叶立国,4.8
1002015024,人・车・社会,华林,4.8
1205721815,信息设计,张野,4.9
1001964004,园艺概论,徐强,4.7
1001760015,工业药剂学,周建平,4.4
136001,新媒体素养,张志安,4.7
1205718808,国际金融学,张礼卿,4.3
1206087801,岩土测试理论与方法,李彦荣,4.3
1002201007,eye我所爱――呵护你的眼,刘陇黔,4.6
1003247016,篮球,回军,4.7
1205807831,电力电子技术,南余荣,4.9
1001690001,世界华文文学经典欣赏,赵小琪,4.8
1205929805,通用英语（二）,赵雯,4.9
1206635811,无机化学,张寿春,5.0
1205707807,《红楼梦》经典章回评讲,曹立波,4.8
1205915818,Java程序设计,李金双,4.1
1206578810,微生物高通量数据分析入门,马斌,4.4
1002836009,编译技术,王曙燕,4.8
1206665801,数据库原理与设计,曾雅琳,4.7
21015,卫生体系学,刘远立,4.9
1002745018,行政管理学,杜宝贵,4.8
1002337007,船舶防火与灭火,杜林海,4.6
1002883003,大学生心理健康,郭建鹏,4.7
1206352802,小穴位 大健康,黄泳,5.0
1205967802,妇女保健学,张国翔,4.8
1002081009,华文教育技术与实践,熊玉珍,4.9
1001819004,管理哲学,孙新波,4.9
1001764006,偏微分方程,谭忠,4.7
1002924017,简明中国史（一）,魏斌,4.7
1206860803,MATLAB语言基础,俎云霄,4.7
1001959006,营运资金管理,王竹泉,4.8
1206630835,汉语修辞学,陈汝东,4.6
1206624828,发展心理学,苏彦捷,4.8
1205886802,探秘过敏,刘玉琳,4.4
1002056012,中国税制,王乔,4.8
1206527801,数据时代的推断陷阱,杨楠,4.9
1205902819,高等数学精讲 上,郭献洲,4.8
1206067804,电力系统继电保护,王颖,5.0
1002601006,强歌声乐课堂,周强,4.8
1205696808,经济法,王先林,4.6
1002770001,高等数学（下）,肖海军,4.0
1003360024,圣经文学,黄宗英,4.8
1002853007,漫漫医海话医史,张蕾,4.9
1206679824,市场调查：创业机会识别与评估,唐杰,4.7
1206463811,小提琴艺术,周聪,4.8
1206799808,中国传统文化趣谈,侯西安,5.0
1002194003,数学竞赛选讲,熊春光,4.7
1002531012,矿井通风与空气调节,李孜军,4.8
21014,马克思主义哲学原理精粹九讲,汪信砚,4.7
1002835002,学校体育学,唐炎,4.9
1003595004,掌握教学设计,盛群力,4.9
1003368013,概率论与数理统计,张立卓,3.3
1002335008,生命科学与伦理,吴能表,4.5
1002601080,马克思《路易・波拿巴的雾月十八日》导读,赵卯生,4.7
1003766002,从音乐到影像,付龙,4.8
1002331010,英汉互译方法与技巧,姚媛,4.8
1001672006,网络与新媒体应用模式,李卫东,4.6
1001754050,土壤、地质与生态学综合实习,张旭辉,4.8
1206357811,信息安全,李景涛,4.1
1001962013,马克思主义民族理论与政策,龚永辉,4.6
1003405008,微观经济学,雍岚,4.6
1206066805,商务英语-案例篇,谢娟,4.8
1206390810,心理学基础,许科,4.9
1002083024,跨文化交流,王立婷,4.4
1002649002,项目分析与商业计划书,丛国栋,4.7
1002923022,发展心理学,张春妹,4.8
1001605005,大学物理典型问题解析―近代物理,缪劲松,4.9
1002415002,动态几何画板Geogebra教学应用,唐大仕,4.9
1001965012,人人学点营销学,杜鹏,4.8
1206003801,晶体魔方（晶体-矿物-珠宝 科普）,赵珊茸,4.6
1205698807,马克思――从故事到文本,王强,4.7
1206350806,当代中国外交,夏莉萍,4.9
1206626808,思想道德修养与法律基础,朱清华,4.9
1205976812,水产科学实验技术与方法,李大鹏,4.9
1206305809,多元统计分析,刘婧媛,4.5
1206301807,刘伟教你打乒乓,刘伟,4.8
1002245010,做好专业选择题――高中生涯教育,乔宝刚,4.8
1206681837,小学生品德发展与道德教育,刘慧,4.7
1206417815,人力资源管理,魏钧,5.0
1003290001,机械制造技术,李华志,4.7
1002087008,冶金资源综合利用与环境保护,孙丽枫,4.9
1001741022,普通昆虫学（二）,周兴苗,4.5
1001772002,“互联网+”时代的颠覆与创新,朱国玮,4.9
1206644802,社会保障学,张熠,5.0
1002124005,心理学：我知无不言，它妙不可言,田媛,4.8
1205884805,英语语音,王国念,4.9
1205884803,学成语  知中国,雷莉,4.7
1206447835,高等数学(上),杨玉华,4.7
1002761011,高等数学（上）,肖海军,4.6
1206016803,楚辞鉴赏与诵读,龚红林,4.7
1205811824,女子防身术,黄晓晓,4.8
1001556011,走进项目学习,纪方,4.8
1001989001,媒体辅助英语教学,韩艳辉,4.9
1003673002,从零开始学钢琴,童薇,4.9
1206456830,太极拳初级,吴剑,4.8
1002534006,钢结构设计原理,贺拥军,4.4
1002423003,教学动画制作与实战,杨上影,4.8
1002917010,学习的革命,张妙华,4.8
1002421002,面向核心素养的信息化教学设计,闫志明,4.8
1003410001,犯罪心理学,刘建清,4.9
1206425804,高频通信电子线路,金伟正,5.0
1002850006,数学实验,张智丰,4.2
1003661001,学术交流英语―语言技能,李京南,4.8
1003037002,大数据计算技术,林迪,4.4
1002530009,巴蜀文化,霍巍,4.8
1003544131,水力学,李克锋,4.7
1207043813,数字电路与逻辑设计,于俊清,5.0
1002598056,管理学,张英奎,4.8
1001555011,改进合作学习,汪琼,4.7
1205964802,线性代数,屈龙江,4.9
1206692824,公共管理研究方法,陈丽君,4.9
1003393002,密码学原理,汤学明,4.1
46012,太极拳医学,田汉文,4.7
1206589806,新媒体文化十二讲,刘涛,5.0
33007,汽车行走的艺术,王建华,4.7
1205717816,电磁场工程应用,谭阳红,4.7
1206446821,物理现象演示与探究（力学、振动波动和光学）,高兴茹,5.0
1205704803,中国古代史通论,郝春文,4.9
1003043001,日本文化解读,王丹丹,4.7
1002144002,中国特色社会主义理论与实践研究,程京武,4.9
1002529012,财务管理,胡杨,4.4
1003315004,微积分（一）,苏德矿,5.0
1205611802,工程热力学（能源动力类）,张昊春,4.4
1003379016,ACCA F2管理会计,欧佩玉,4.5
1001773023,诺奖作家英文作品赏析,黄芙蓉,4.9
1206624829,大学足球教程（上）,孙竞波,4.7
88007,风景园林景观规划设计基本原理,刘滨谊,4.7
1206582804,广播电视评论,何志武,5.0
1003667003,刑事诉讼法,林喜芬,4.3
1205949804,无线通信原理,石明卫,4.5
1003726007,电磁学,张宇,4.9
1205884825,电子商务那些事,刘新燕,4.9
1003644003,走近摄影,黎大志,4.8
1206309825,神奇的蘑菇,王占斌,4.9
1002599030,MIB国际商务,朱勤,4.9
1001555021,科技与考古,潘春旭,4.8
1206679840,文学批评与实践,王欣,5.0
1002533013,教育研究方法,陈时见,4.7
1002580006,生物演化,顾红雅,4.9
1003766012,MATLAB科学计算与工程应用,陈来荣,4.6
1002956007,基础化学实验(无机化学),郭栋才,4.5
1206092804,妇产科学（妇科部分）,张元珍,4.9
1002331003,数字通信原理,罗志年,4.8
1205800843,当代著名建筑师与优秀建筑作品赏析,宗轩,4.6
1206461833,跟我学俄语（1）,王永,5.0
1002123005,高级语言程序设计,高克宁,4.5
1001871002,Python云端系统开发入门,嵩天,4.7
1003670002,班主任实践智慧,李菁,4.6
45006,计算机图形学,赵明,4.7
1001986002,android智能手机编程,王立,4.1
1206632824,俄国通史三十讲,张建华,4.7
1206625831,逻辑导论,陈波,4.7
1205804839,单片机原理及应用,何宾,5.0
1205723806,中国文化的日本之旅,周异夫,4.9
1001970009,土木工程概论,叶志明,4.8
1003570008,跨文化沟通心理学,严文华,4.8
1002835007,工程制图,罗远新,4.9
1205809832,软件定义网络技术 Software Defined Networking，SDN,黄辉,4.8
129002,聪慧的源泉――数学导读,朱传喜,4.8
1206871802,民俗学,王娟,4.7
1206454837,心理诊断学,陈树林,4.9
1001515004,天线原理,林澍,4.3
1206115802,信息化教学方法与技术,林雯,4.4
1002245011,结构力学――超静定结构力学,陈廷国,4.7
1205798849,会计学,高艳茹,4.9
1002777003,大学英语学术写作,王海啸,5.0
1003037001,国际交流英文演讲与辩论,邓媛,4.8
1205722810,汽车理论,耿聪,4.5
1003401009,马克思主义基本原理概论,杨谦,4.8
1001606003,应用光学,黄一帆,4.7
1003284001,家庭教育,李燕,4.8
1206024803,山西彩塑,魏小杰,4.4
1002533010,中药学,王建,4.8
1002746022,管理信息系统,裘江南,4.8
1002606068,异化劳动和异化消费概论,赵卯生,5.0
1205771810,环境毒理学,李银生,4.9
1206433805,体育概论,杨文轩,4.9
1003590003,玩转以学生为中心的教学,戚世梁,4.7
1205892802,可持续建筑技术,张国强,4.8
1002601001,药物现代评价方法,刘霞,4.9
1002224002,《文心雕龙》导读,戚良德,4.8
1001743004,大学生职业发展与就业指导,阮娟,4.8
1206391802,钢琴教学实用指南,王晓佳,5.0
1001615004,大学英语（口语）CAP,彭天笑,4.7
1001962014,“互联网+”时代教师个人知识管理,杨上影,4.7
1206309834,中国茶文化,陈亮,4.5
1002918013,环境毒理学,孟紫强,4.9
1002534017,管理咨询,李从东,4.8
1001982014,设计创意学,李怡,4.3
1206407811,离散数学,罗熊,4.7
1003640007,区块链中的密码学,徐伟光,4.9
1205720806,中国税制,司言武,4.8
1205809840,微观经济学,王秋石,4.9
46003,大学物理―振动、波动与光学,李英兰,4.7
1003360012,数字电子技术,张晓冬,4.8
1002526021,工程流体力学,杨庆华,4.9
1206428805,土力学（中英文）,钱建固,4.8
1206454833,证券投资学,钟小林,4.7
1206459827,财务会计,钱爱民,4.6
1001930012,大学生心理健康漫谈,张平,4.9
1206448830,金融市场学,何丽芬,4.3
1001637002,外国民商案例选读,隋军,5.0
1205764805,成本会计学,田巧娣,4.7
1206622815,中国近现代史纲要,陈始发,4.8
1001553014,信息化领导力,沈书生,4.8
1001573001,心理学与生活,陈昌凯,4.8
1003679002,材料力学,殷民,4.8
1206894803,男生穿搭技巧,吴小吟,5.0
1205793809,西方文明史概论,阮炜,4.6
1003311002,营养与疾病预防,江松敏,4.8
1003448002,微积分学（一）,吴洁,4.8
1001597002,中国传统文化,张蓉,4.8
1001754035,美在民间,胡燕,4.8
1003194003,教育是什么―柏拉图教育思想简单引论,毕世响,4.9
1001753386,大学英语学术阅读,王海啸,4.7
1205887803,毛泽东思想和中国特色社会主义理论体系概论,李梦云,4.7
9003,高级语言程序设计（Python）,车万翔,4.5
1002081014,灭火战术,李驰原,4.9
1002332010,数字图像处理,贾永红,3.6
1206671818,欧洲一体化,郭家宏,4.9
1001753043,普通生态学,胡锋,4.8
1002526012,基础会计学,胡杨,4.6
371001,VisualBasic.NET程序设计进阶,龚沛曾,4.9
1206694813,走近历久弥新的中国,张杰,4.7
1003250002,一舞一世界――世界经典舞蹈赏析,肖向荣,4.9
1001555014,走向深度的合作学习,刘徽,4.8
1206681853,犯罪心理学,周凌,4.8
1001752002,多媒体技术及应用,王志强,4.7
1206678849,中国地理,王列辉,4.6
1002146003,民法与生活,钟瑞栋,4.8
1001873001,Python游戏开发入门,嵩天,4.8
1206682857,新公共法语初级（上）,李沁,4.9
1207128813,思想道德修养与法律基础,汤建龙,4.9
1002208027,自我塑造：优雅做人,陈月华,4.7
56001,程序设计基础,苏小红,4.8
1002474002,诸子的智慧,张荣明,4.6
1206145815,领读经典-现代文学（1）,谢锡文,4.7
1002698005,会计学原理,徐晔,4.9
1205912802,马克思主义基本原理概论,王来法,4.8
1002030009,形势与政策,胡宝国,4.6
1001785001,职业与创业胜任力,费俊峰,4.8
1206506804,互联网时代的营销变革,冯蛟,4.7
1206695831,中国茶文化与茶健康,王岳飞,4.9
1206357801,毕业论文写作与答辩,武丽志,4.8
1002926013,医患沟通学,陈诗鸿,4.4
269001,教师如何做研究,汪琼,4.8
235006,计算机系统与网络安全技术,周世杰,4.3
1206068802,单片机原理及应用,赵燕东,4.7
1001623002,走进地理学,李满春,4.7
1001999003,计算机辅助设计：参数化造型设计及表达,罗会甫,4.7
1002652002,互联网思维与创业,项益鸣,4.9
1001694005,运筹学,刘华丽,4.8
1206461824,中国政治思想史,余艳红,5.0
1206306812,房地产金融与投资,陈俊华,4.7
1002618003,行为经济学,孟涓涓,4.9
1003758007,毛泽东思想和中国特色社会主义理论体系概论,孙蚌珠,4.7
1003545121,音乐心理学,蒋存梅,5.0
1001767005,无人机设计导论,昂海松,4.7
1205812820,英语学术论文写作,薛锦,4.6
9002,文献管理与信息分析,罗昭锋,4.9
1205722813,中国当代文学,陈晓明,4.8
1206632825,复杂网络分析,樊瑛,4.7
1205963809,电工电子学,潘丽萍,4.6
1206297801,空间信息导论,周艳,4.3
1001934009,中学化学教学设计与实践,王磊,4.8
21011,金融学,李健,4.8
154006,无机化学――物质结构基础,张兴文,4.7
1003734012,数据结构,李建华,4.7
1002540001,电力电子技术,王明彦,4.4
1003043004,管理学原理,王丽丽,4.9
1001605004,大学物理典型问题解析―电磁学,胡海云,4.8
1206691834,中国特色社会主义理论与实践研究,权宗田,4.8
1001511011,数据库技术及应用,李雁翎,4.6
32007,奇异的仿生学,刘燕,4.8
1205966806,诉讼证据法学,李蓉,4.8
1206448831,概率论与数理统计,罗世华,5.0
1206422808,生物学核心概念选讲（生理篇）,张铭,5.0
1002260004,Office高级应用,张伟利,4.7
1205933805,机械设计,陈永琴,4.9
1206676841,医学检验整合课程-临床检验报告的正确打开方式,谢轶,5.0
1206031802,世界英语概览,张妍岩,4.8
24002,古文字学,肖圣中,4.9
1003249001,电子技术,宁涛,4.9
1002526010,画法几何及机械制图,李小号,4.7
1003276002,道路工程材料,申爱琴,4.9
1002837014,钻井与完井工程,曾德智,4.8
1002085006,现代汉语言语交际,徐阳春,4.7
1206418807,批判性思维与科学研究,王彦君,4.8
1206698847,机械设计,王书亭,4.8
1002536008,电子政务原理与应用,汤志伟,4.9
1206649805,AUTOCAD建筑室内制图,刘俊杰,4.9
1001775007,工程合同管理,李启明,4.9
1002926008,企业战略管理,蓝海林,4.8
1003697002,线性代数与空间解析几何,冯国臣,4.7
1002932001,电力拖动自动控制系统,张敬南,3.6
1003090003,微观经济学之供给与需求,王辉,4.9
1207058808,舌尖上的中药-五脏健康百病消,袁立霞,4.7
1003381005,波谱分析,白银娟,4.5
1206149802,配送中心设计与管理,万艳春,4.9
1206299837,萨克斯管基础教学,梅松,5.0
1003537160,英语演讲之道,江桂英,4.8
1206449828,新闻传播理论,吴飞,4.8
1002597009,西方音乐史(下),潘澜,4.9
1205699803,生物医学信号处理,吴水才,4.9
1206525801,葡萄酒文化与鉴赏,师俊玲,4.6
1003651001,悖论：思维的魔方,陈波,4.7
88009,风景园林景观设计原理,刘滨谊,4.7
1002837012,美国军事史：1775-1945,贾B,4.8
1205842804,微积分导论,于伟红,4.9
1001934010,画法几何,卢宏群,4.7
85001,急救常识,赵剡,4.8
1206894802,毛泽东思想和中国特色社会主义理论体系概论,许传红,4.9
1002586001,中国少数民族神话赏析,汪立珍,4.6
1205805805,运动疗法,王雪强,4.8
43002,中国古代建筑艺术,柳肃,4.9
1001553023,程序设计与算法（一）C语言程序设计,郭炜,4.9
1205965804,德语国家社会与文化,杨建培,4.7
1003365013,运动生理学,汤长发,4.8
1002012023,城市生态规划,徐琳瑜,4.9
21012,分子生物学,刘青珍,4.9
1003382008,地下开采方法学,黄仁东,4.7
1206635823,大学足球教程（下）,孙竞波,4.7
1206630817,自然科学经典导引,桑建平,4.6
1205783817,审计学,田娟,4.9
1001872001,Python机器学习应用,礼欣,4.1
1002529020,数学零距离,沈继红,4.8
1205728809,数字时代学习力提升攻略,王浪,4.8
1206447827,生理心理学,李新旺,4.6
1003763004,大学语文,党怀兴,4.7
33009,人文视野中的生态学,包国章,4.7
1001862005,C编程方法学,李民,4.1
1002626003,《史记》导读,张富祥,4.7
1003654003,自然地理学,严宝文,4.8
46001,大学物理―近代物理,胡海云,4.9
1205593801,环境监测,王琳玲,5.0
72001,教你如何做MOOC,冯菲,4.7
199001,程序设计入门――C语言,翁恺,4.9
1002047006,劳动经济学,周毕芬,4.7
1001908004,大学生科技创新课程之起重机创意大赛,张祖涛,4.8
1205979817,篮球竞赛与裁判,王大力,4.7
1003405010,中国近现代史纲要,姬丽萍,4.8
1002842009,公司法,贺丹,4.5
1206460827,物流学,刘浩华,5.0
1002525012,管理学原理,范莉莉,4.7
1205987812,投资学,肖欣荣,4.8
1205884801,金匮要略,陈少东,4.8
1003467010,内科护理学,尤黎明,4.6
1206544801,色彩信息魅力,欧阳丽莎,4.9
1003780007,病理学,刘鲁英,4.8
1205979804,线性代数,雷逢春,4.6
1003038003,无机化学（上）,朱磊,4.6
1205823814,西方现代绘画鉴赏,娄宇,4.9
1003467013,汉语国际教育概论,刘,4.8
1003655002,法律思维与法学经典阅读,杨力,4.9
1206499802,大数据中的R语言编程,陈宇,4.7
1205885803,模式识别,郭志强,4.9
1002423001,教学研究的数据处理与工具应用,马秀芳,4.9
1003733002,口语与演讲,张晓容,4.8
1205805804,运动急救学,吴卫兵,4.9
1003462001,设计思维与创新设计,张克俊,4.9
1205908812,图形编程技术,杨刚,4.8
1206450817,教育心理学,牟书,4.8
1002327008,管理学,王文周,4.6
1001912002,大学生科技创新课程之节能减排社会实践与科技竞赛,张祖涛,4.5
1206682820,面试沟通技巧,刘舒平,4.7
1001756010,数学实验,王宏洲,4.9
1206502806,土木工程试验与量测技术,崔凯,5.0
1001539003,数据结构,李春葆,4.3
1003248017,饮食文化与中医学,江泳,4.7
1206634829,管理学,赵继新,4.8
1001588001,环境变迁与人类生育力改变,杨菁,4.4
1206462813,投资银行与资本运营,祝继高,4.8
1207039803,财税计量方法与应用,鲁元平,5.0
1001591001,大学化学（下）,王一凡,4.6
1002597030,大学生创业基础,施永川,4.8
69005,C语言程序设计精髓,苏小红,4.7
1002248013,线性代数精讲与应用案例,高淑萍,4.8
1002536018,生物医药实验室安全知识,于沛,4.9
1002598085,微生物的世界,陈峰,4.8
1003561003,创新设计思维,孙炜,5.0
1206018803,向量式结构力学（向量式有限元）,段元锋,4.6
1002833007,高等数学（上）,郭飞,4.5
1002536013,速成汉语语法课堂,种一凡,4.8
1002534007,全球化与世界政治研究,赵蜀蓉,5.0
1206672854,教学技术与媒体,李文昊,4.6
1205726810,形体与形象塑造,樊莲香,5.0
1206455810,计算思维与程序设计基础,付菊,4.9
1206620837,中医儿科学,许尤佳,4.9
1003545126,公共管理学前沿（双语）,陶庆,5.0
1001931010,品牌管理,肖阳,4.8
1205721814,卡通设计,张野,4.9
483008,经济生活与数学,杨湘豫,4.9
1205796850,知识产权法,舒利,4.9
1205932802,创意写作,Lauri Ramey,4.7
88008,风景园林景观规划原理,刘滨谊,4.8
268001,Python语言程序设计,嵩天,4.9
1002533018,思想道德修养与法律基础,杨华,4.8
1001980005,儿科学,黄国英,4.8
1206450815,创新的力量,贺雪梅,5.0
1002598013,学校音乐教育新体系――小学音乐课程示范教学,林松涛,4.8
1003147002,数字图像处理,张先增,4.7
1001908005,大学生科技创新课程之中美青年创客大赛,罗大兵,4.7
1205932801,商业银行管理学,彭建刚,4.8
1206660803,英语国家概况,刘政,4.8
1003126004,中国当代流行音乐,王思琦,4.9
1205802805,运动营养学,王茹,4.8
500004,《说文解字》与上古社会,万献初,4.9
1003541141,画法几何与工程制图,裴金萍,4.9
234019,科学视野中的经典文学作品选读,何敏,4.9
1001936007,VB.NET程序设计,张晓芳,4.7
1206178801,健身瑜伽,袁焰,4.4
1205798829,研究生英语科技论文写作,何中清,4.8
1002607070,嵌入式软件设计,赖晓晨,4.8
1002858008,网络文学与文化,龚岚,4.9
1002028002,电子工程实践基础,董爱军,4.7
42001,高等数学（二）,朱健民,4.9
1003534145,运动与关节健康,姜桂萍,4.9
1001756006,高等数学(二),李继成,4.8
1001907005,软件度量及应用,杨柳,4.9
1206590808,运动训练学,袁建国,4.9
168001,大学英文写作（一）,李慧辉,4.7
1001752018,茶叶品鉴艺术,房婉萍,4.7
1205961817,山水时空漫游――中国山水画鉴赏,张东,4.8
1206146807,投资项目评估与管理,李建英,5.0
1003407001,体育舞蹈,姜桂萍,4.9
1207002809,建筑初步,彭历,5.0
1001700016,经典导读与欣赏,董小玉,4.6
1205695803,大学体育――游泳,李晓甜,4.8
1002144003,走近马克思,田明,4.7
1003520007,国际商务,王佳芥,5.0
1205834821,大数据基础与应用,计卫星,4.8
1001815009,企业文化与商业伦理,王宝森,4.8
1002529015,小学语文教学设计,蒋蓉,4.8
1002126003,救护与救援,魏勇生,4.8
1205990801,技术经济学,刘晓君,4.5
1003379015,信息安全数学基础,陈恭亮,4.9
235018,宝石加工工艺学,廖望春,4.5
1002704006,大学中庸精读,刘丹忱,4.7
1207107823,毛泽东思想和中国特色社会主义理论体系概论,王跃,4.8
1003317005,电商创业,胡剑锋,4.8
1206331801,大漆,张志纲,4.8
10001,大数据算法,王宏志,4.7
1206387809,现代工科微生物学,谢晖,5.0
1002718008,文献学的理论与方法,郭英德,4.8
1003638001,肿瘤学：肿瘤防治与健康生活,刘棣,4.9
1002142003,信息化教学设计,闫寒冰,4.9
47019,药用植物学,李涛,4.9
1205805833,工程伦理导论,丛杭青,4.7
1003771005,铁路行车组织,何世伟,4.7
1002939003,金庸小说研究,刘斌,4.8
1002577005,有门摄影课,林晔琳,4.7
1002603018,英语演讲,蒋联江,4.6
1002417002,班主任的沟通艺术,齐学红,4.8
1003499004,工程水文学,梁川,4.6
387003,中药安全用药导论,张冰,4.8
1206500807,Java核心技术(高阶),陈良育,4.9
1206094802,工程制图基础,涂晓斌,4.6
482005,科举与中国文化,李兵,4.9
1002223005,《史通》导读,屈宁,4.9
353001,单片机原理及应用,张毅刚,3.6
1003408001,循证护理与知识转化,陈欧,4.8
1205945802,水彩,孙立伟,4.8
1206452833,制造业信息化导论,纪杨建,4.5
1002400003,设施蔬菜栽培学,邹志荣,4.7
1001737003,犯罪现象：原因与对策,许桂敏,4.7
1205730815,坭兴陶艺术鉴赏与制作,王胤,4.9
1001642001,环境污染事件与应急响应,田光进,4.5
1001871001,Python科学计算三维可视化,黄天羽,4.7
152001,走近核科学技术,吴王锁,4.9
1206647810,创业社团功能与自我发展,谭菊华,4.5
1003476010,数学物理方法（三）――分离变量法,吴崇试,5.0
1002044008,实验化学1,蒋疆,4.5
1003503003,岩石力学,肖明砾,4.6
1205907813,中国花鸟画,方达成,5.0
1206612802,论语珠玑,石初军,4.5
1002530012,音乐鉴赏,方小笛,4.8
1002582008,XML与电子商务应用,刘平峰,4.9
1206675854,仪器分析,陈浩,5.0
1002940001,唐诗三百首研究,倪海权,4.7
1001752275,吴文化史,王卫平,4.6
1206674826,钢琴教学法,廖红宇,4.9
1205711807,体操（健美操、啦啦操）,方熙嫦,4.7
88002,电工学,顾榕,4.8
1206898807,生命伦理学,贺竹梅,5.0
200001,C语言程序设计进阶,翁恺,4.9
1206705803,紧急医学救援----救在身边，救需要你,初向全,4.8
1001553013,课堂问答的智慧与艺术,刘徽,4.8
1205797829,微积分（二）,曾广洪,4.9
500002,电路分析基础,钟洪声,4.6
1206593807,微课与混合式教学设计,阮高峰,4.7
1206504808,醉美葡萄酒,李茹一,5.0
1206891801,光纤光学,鲁平,4.9
1003565009,通信电子线路,路勇,4.9
1001616002,高级语言程序设计（Python）CAP,车万翔,4.5
1003355002,绿色中国,杜仕菊,4.8
1002256021,工程图学（一）,谷艳华,4.6
1205718811,简明中国史（二）,魏斌,4.7
1206570812,外科实习临床技能操作,郑毅雄,4.9
1002536012,细胞的奥秘,曾宪录,4.9
1001998009,电工学,张继红,4.6
1206667801,运动解剖学,赖弥荣,4.3
1003584007,人是如何学习的,杜玉霞,4.8
1003566010,概率论与数理统计,赵进,4.7
1206447833,不一样的管理学,李自杰,4.8
169003,高速铁路概论,彭其渊,4.8
1003625001,纪录片制作,张同道,4.9
1002693027,英语语法与句子写作,赵以,4.8
1001870001,Python网络爬虫与信息提取,嵩天,4.9
1003522009,走近国粹 中国陶瓷,沈毅,4.8
1002604004,英语演讲与辩论,罗坚,4.8
1002921016,临床免疫学检验技术,喻明霞,4.9
20003,哲学问题,章雪富,4.6
1205960806,长安与中国佛教,吴言生,5.0
1002844009,救命与救伤,万智,4.9
1206635829,世界文学史,许志强,5.0
1002607039,医学物理学,刘凤芹,4.6
1003692004,刑法总论,陈可倩,4.7
1003377027,人工智能：模型与算法,吴飞,4.8
1001915005,大学物理―量子物理基础及应用,李雪春,4.9
1205805819,审计实务与案例,李晓慧,5.0
1001967009,思维导图的教学应用,杜玉霞,4.8
1002922010,英语听力技能与实践,黄锐,4.6
1205910804,分析化学,许晶,4.7
1206633825,城市环境地学,柳林,4.9
1003407008,工程化学,肖菲,5.0
1001604004,大学物理典型问题解析―振动、波动与光学,李英兰,4.7
1002146005,刑事出庭技能实训,兰荣杰,4.8
1002010029,环境规划,徐琳瑜,4.5
1003760006,思想道德修养与法律基础,宇文利,4.9
1206590816,创业领导力与团队管理,孙家胜,5.0
1001958013,摄影基础,张秋雯,4.7
1002922018,基础会计,周黎明,5.0
1003348007,习近平新时代中国特色社会主义思想,李冉,4.9
1205912819,高等数学精讲 下,郭献洲,5.0
1206405809,中医入门,王彤,4.9
1206450825,中医基础理论,陈利国,5.0
1002028013,互换性与测量技术基础,马惠萍,4.9
451012,电子线路仿真设计与实验实例,王连英,4.9
1206704843,中国古玉器与玉文化,朱勤文,4.9
1206459826,智能交互技术,马楠,5.0
1001900002,大学生科技创新课程之机械创新设计大赛,张祖涛,4.8
1206430804,土木工程信息化,李晓军,4.5
1205829813,细胞生物学,李静,4.8
1002056024,微机原理与接口技术,侯彦利,4.7
1003349005,锦绣中国,王治东,4.8
1205778806,材料力学,姜建华,4.9
1206506803,语文阅读教学设计,张心科,4.8
1001912001,大学生科技创新课程之“挑战杯”课外学术科技作品竞赛,张祖涛,4.6
1206683814,英美概况,黄剑,5.0
1002598041,初级汉语语法,王瑞烽,4.8
1003027008,股权投资基金与创业投融资,宋国良,4.8
1206648801,数控技术实验,李旭荣,5.0
45004,普通化学,陈云,5.0
1206600807,敦煌文学艺术,张磊,4.9
1003594007,教育文献的检索与分析,张宝辉,4.9
1206670801,探索管理世界的心理与行为――组织行为学,曹蓉,4.9
1002533014,儿童生长与营养,肖延风,4.9
1002927015,临床细胞治疗学,王欣,4.6
1001540001,计算机网络技术,李晓峰,4.4
1206583803,人文社科经典导引,李建中,4.7
1003407003,能源与人类文明发展,徐东海,4.9
299003,大学英语自学课程（上）,张敬源,4.8
1206409816,工程制图,杨光辉,4.7
1206026807,海商法,袁雪,5.0
1206312838,外国文学中的女性,黄悦,4.8
1001870002,Python数据分析与展示,嵩天,4.8
1206308823,零基础学竖笛（木笛）,黄雪颖,4.9
1001555013,微课设计与制作,杨上影,4.8
1002744004,计算机网络实验,张力军,4.6
1001770002,电气控制实践训练,李继芳,4.7
1001849010,高等数学（一）,朱传喜,4.7
1001756012,计算机应用基础,金大卫,4.8
1206632831,DIY智慧小屋―带你玩转物联网,史治国,4.7
1002606072,基础化学实验（分析化学）,郭栋才,4.8
1003367021,医学人文,刘昌,4.8
1205915821,预防医学导论,张欣,4.7
1003247003,职业生涯规划与管理,张爱武,4.8
1002598055,学设计 做产品,吴雪松,4.6
1206694826,杭州历史文化漫游,施虹,4.6
1003758002,新媒体编创,吴炜华,4.6
1002647003,商务沟通与谈判,冯炜,4.8
1003637002,牙周病学,陈悦,4.6
1205774806,英语漫谈海上新丝路,连天雪,4.9
1205792813,文科高等数学,郭瑞芝,4.8
1206688841,心理的进化,吴能表,4.9
1003047003,计算机绘图与CAD,张鹏,4.9
1001639008,网络技术与应用,杨庚,4.9
1001966018,课堂管理的方法与艺术,王浪,4.8
1206873802,大学化学,迟瑛楠,5.0
1206144818,机械之美―神奇的矿冶机械（双语）,朱花,5.0
1205720803,钢琴演奏基础,徐懿,4.9
1206432811,跨文化交际入门,陈浪,5.0
1002989014,医学微生物学,徐纪茹,4.7
1206638813,现代文学名家短章精读,姜楠,4.3
33003,通用英语（一）,赵雯,4.7
1001752041,植物学,强胜,4.7
1002927017,人体组织学,汪琳,4.7
1003178002,品牌化：形象、创意与传播,郑欢,4.9
1003761005,马克思主义基本原理概论,孙熙国,4.8
1205841802,数学思想方法及应用,李书刚,4.9
1002600008,音乐课堂教学课例评析与研究,尹爱青,4.8
170002,高速铁路信号系统,郭进,4.8
1002701018,会计学基础,罗炜,4.9
1003376026,品读经典：《诗经》《老子》《庄子》选粹,韩鹏杰,4.8
1003383007,翻译导论,杨文地,4.6
1001807020,生活中的刑法,郭泽强,4.6
1205901802,太空生存,刘红,4.8
1206494804,解读西夏,杜建录,4.7
1206000801,科研伦理与学术规范,印波,4.7
1206632827,电路原理,赵莉,4.9
1001632003,零基础学C语言,戴光明,4.8
1002248009,植物与人类,田兴军,4.9
1206608804,医学分子生物学,黄春洪,5.0
1002860004,社会工作概论,吴同,4.7
1003242022,皮肤性病学,陶娟,4.8
1001764004,航天、人文与艺术,闻新,4.8
1002851002,激光原理与技术,黄朝红,4.7
1003471004,世界文化史,高福进,4.8
1002422002,微课程教学法,金陵,4.8
1003571006,欣赏物理学,房毅,4.8
1205707801,创新创业基础,董青春,4.8
1002525003,算法设计与分析,汪小林,4.8
1001965017,数据库系统概论（新技术篇）,王珊,3.9
1002648001,创业企业财务管理,徐丽芬,4.8
1205702808,数据库与商业智能,石嘉明,4.9
1003513004,交通运输法规,郑国华,5.0
1206305829,交响乐队乐器法与编配基础,刘力,5.0
1205700812,像经济学家那样思考：信息、激励与政策,陈钊,4.9
1205808806,ERP模拟演练,叶舟,4.8
1206633817,商务英语写作实践,芮燕萍,5.0
1206625810,毛泽东思想和中国特色社会主义理论体系概论,万绍红,4.8
1003257002,中国电影经典影片鉴赏,周星,4.9
1001767007,社区管理学,孙萍,4.8
1001753089,形势与政策,王刚,4.8
1002607035,线性代数典型习题讲解,崔丽鸿,4.7
1002833012,Calculus I,费铭岗,4.7
1206679843,藏族文化概览,张屹,4.9
1003755001,谈判学,陈锴,4.4
1206894807,编译原理,陈志刚,4.9
1001911007,大学生科技创新课程之智慧城市技术与创意大赛,张祖涛,4.8
1206590812,师范英语口语,骆传伟,4.6
1206628827,BIM技术及应用,鲁丽华,4.8
1002876004,生物技术制药,李校,4.9
1002082006,私法英语表达,秦晓雷,4.6
1001913001,高等数学（二）,朱传喜,4.7
1205977807,国际金融学,沈蕾,4.2
1003681001,音乐奥秘解码――轻松学乐理,修子健,4.8
1206696815,毛泽东思想和中国特色社会主义理论体系概论,高庆,4.8
1002836008,自动控制理论实验,姜增如,4.1
1003519008,地球资源与环境信息技术前沿,何彬彬,4.8
1205808841,传感器原理及应用,韩贵金,4.9
1002957005,基础化学实验(物理化学),郭栋才,5.0
1002545001,自我认知与情绪管理,吴松全,4.8
1002603073,中国近现代史纲要,王艳娟,4.3
1002529013,中级宏观经济学,陈师,4.0
1206603809,小学课程与教学论,杨南昌,4.8
1002533015,新生儿科学,艾婷,4.8
1206175802,有氧拉丁,袁焰,4.8
1205700808,环境化学,孙红文,5.0
1206355801,App Inventor移动应用开发,瞿绍军,4.8
1002126002,药理学,魏敏杰,4.7
1002686003,材料科学基础,黄学辉,4.6
1205798819,大学体育与健康生活,郑志强,4.9
1206144823,领读经典-古代文学（1）,谢锡文,4.5
1206640802,动物繁殖学,杨利国,4.8
1002871002,文学创意写作,刘海涛,4.7
21002,新媒体概论,韦路,4.8
1002626004,庄子的智慧,谭明冉,4.5
1206449834,宝玉石鉴赏,饶灿,4.7
1206320802,深度学习基础,刘远超,4.7
1001514005,《论语》的智慧,陆卫明,4.8
1002125014,弹性力学,王钦亭,4.9
1002529010,管理沟通,周静,4.8
1205956802,《论语》导读,张汝伦,4.8
1003545120,国学通论（一）,窦可阳,4.7
1002872001,宇宙简史,李向东,4.9
1003719006,从创意到创业,孟奕爽,4.9
21016,翻转课堂教学法,汪琼,4.8
1206875801,女性、写作、成长,张欣,5.0
1206862806,电机学,张建辉,5.0
1001981016,服务设计与商业模式,胡莹,4.6
1206149824,如何打造金课,战德臣,4.8
1206677843,中国社会问题与当代大学生,郑佳然,4.9
1003488001,现代数字电子技术基础,陈龙,4.7
1003323005,货币银行学,范立夫,5.0
1003360025,广告策划与创意,崔银河,3.7
1002582006,网络安全与应用,陈志德,4.3
1001850003,测量学,何彬彬,4.7
1002712008,普通化学,邢国文,4.7
1001632002,金属材料及热处理,徐林红,4.9
1002083011,无机化学-原理Ⅱ,朱亚先,4.9
1001752346,思想道德修养与法律基础,李喜英,4.7
1205962805,宏观经济学,唐遥,4.8
1003760001,德国历史十二讲,孙立新,4.7
481001,线性代数,靳全勤,4.2
1002081019,足球裁判法,金刚,4.7
1206449817,高等数学（一）,苏燕玲,5.0
1002014037,医学图像处理,刘惠,4.5
1001542001,面向对象程序设计――Java语言,翁恺,4.9
1002556003,信息安全,曾吉文,4.1
1206685849,概率论与数理统计,房永飞,4.7
1003544002,审计学,张蕊,4.7
46004,C语言程序设计(下),李凤霞,4.4
1003757002,工程经济,虞晓芬,4.8
1002618005,《昭明文选》导读,李婧,4.9
1206452821,产业经济与产业分析,卢福财,4.9
1002603039,工程图学,姜杉,4.7
1003070004,大数据与高等教育,叶志明,4.7
1206590811,教育统计与SPSS应用,倪惠莲,4.7
1206685853,形象管理与美学素养,苏娜,4.8
1002526008,基础免疫学,王睿,4.8
1003443002,伦理学的邀请,雷瑞鹏,4.8
1001769008,老子的人生智慧,张雷,4.8
1003276001,国际交流实用英文写作,胡志雯,4.8
1003472011,班级管理,李伟胜,4.8
1206502802,造型基础,赵海宇,5.0
1002582002,唐史四讲,李鸿宾,4.8
1205954802,人体体内的微观世界-人体组织学实验,钟近洁,5.0
1001622001,数学分析（二）,柴俊,4.7
1002534008,中国文化英语讲,马新,4.8
1206447823,多媒体技术与应用,安继芳,4.5
45007,大学物理4：光学、近代物理,倪忠强,4.8
1205920803,走进古典文学,胡可先,4.8
1002533017,大学日语,张文丽,4.8
1003488003,脑健康知识讲座,商慧芳,4.8
1206015802,魅力机器人,谢广明,4.8
1002675006,复变函数,朱健民,4.8
1002860002,实验针灸学,张晶,4.6
1002000006,华文教学的理念与方法,郭熙,4.9
1206705818,数字媒体技术概论,严明,4.9
1001980001,教师法律风险防范,张冉,4.8
1002532011,工程热力学,何伯述,4.8
1002533023,内燃机结构,张新玉,4.6
495006,《世说新语》的国学密码解析,丁玉柱,4.7
1207043812,C语言程序设计,周纯杰,4.8
1003045001,心理学导论,曾维希,4.8
1205722804,药你健康,易凡,4.7
1002768007,乐龄乐活：老年休闲活动设计,吴旭平,5.0
1205911812,数字信号处理,陈立伟,5.0
1002986005,财经英语看世界,刘重霄,4.5
1205841810,学术英语读写与交流,张尚莲,4.9
1001529001,经济数学―微积分（一）,韩华,4.9
1002981003,高分子化学,程珏,4.6
1205921805,社会心理学,童梅,4.6
409003,中华名相之管仲管理思想,李任飞,4.9
1003632002,基础意大利语――语法篇,翟恒,4.9
1003639010,基础音乐教学实践与指导,郑莉,4.8
1002535021,材料物理性能与结构表征实验,李凌云,4.9
1001555029,现场生命急救知识与技能,郑莉萍,4.7
1002922016,外国文学欣赏,卢迎伏,4.9
1205702809,神经生物学概论,俞洪波,4.9
1003536125,运动与体能提升,赵歌,4.9
1002029030,程序设计与算法（三）C++面向对象程序设计,郭炜,4.9
1205915810,创新思维与现代设计,胡洁,4.8
1001741023,魅力汉语,兰霞,4.8
1003471010,传感器原理与应用,张健,5.0
1002199008,通信网络基础,盛敏,3.2
1205908810,园林树木栽培学,叶要妹,4.7
495005,《道德经》的智慧启示,丁玉柱,4.7
1206622831,《道德经》与管理智慧,张向前,5.0
1205998802,鲁迅十五讲,彭小燕,4.9
1206452826,可视化导论,陈为,4.5
1003642002,国际经济法,胡加祥,4.8
1001515005,大学生职业能力拓展,邢朝霞,4.8
284001,高等数学（三）,张|,4.7
1003515005,物理学术竞赛挑战性课程,吴,5.0
1205889802,毛泽东思想和中国特色社会主义理论体系概论,李红,4.8
1206674860,英汉语言对比,张再红,4.9
1002043005,如何识别和评估创业机会,木志荣,4.8
1001684002,职熵―大学生职业素养与能力提升,魏丽娟,4.9
1003707005,西迁教授谈教学,西安交通大学教务处,4.9
53004,高等数学（一）,周朝晖,4.2
1003543135,生态学,娄安如,4.9
1206450819,大学法语与法国文化,左天梦,4.5
1205830816,生态毒理学,孟紫强,5.0
1003676002,大家弹起来――钢琴即兴伴奏入门,徐之彤,5.0
1003545127,数学建模,肖华勇,4.9
1206508804,高电压技术,吴广宁,4.8
1002601033,食品营养安全与健康,宋宏新,4.7
1003765003,服饰艺术传播与创新设计,李楠,5.0
1003680001,拨动心弦――古典吉他启蒙,郦嘉炯,4.9
1002080017,法理学,付子堂,4.9
1205785814,生活中的管理会计,王华,4.9
1206644803,版式设计,熊文飞,4.8
1205790811,计算机操作系统,蒲晓蓉,4.8
1001862009,跨越自然的“彩虹”―桥梁工程导论,宣卫红,4.8
1205932803,马克思主义基本原理概论,王永贵,4.8
1002620012,《诗经》导读,王承略,4.8
1001821007,知识产权法学,刘介明,4.7
1205794810,C语言程序设计进阶与实践,王长浩,4.4
1206559814,大学物理（下）,杨红卫,4.9
1001909005,大学生科技创新课程之“互联网+”创新创业大赛,张祖涛,4.8
70004,数据结构,魏振钢,4.3
1207002810,毒品预防与治理,王锐园,4.9
1205701807,透过性别看世界,沈奕斐,4.8
1002608061,人机工程学,欧静,4.3
1205960805,轻松掌握冠心病,孙慧,4.6
1002535027,管理百年,戴志敏,4.8
1206458841,走近儿童的心理世界,何洁,4.8
1003734006,建筑材料,李固华,4.9
1206419811,汉字与中国传统文化,孟琢,4.8
1003367011,大学化学实验,张丽丹,4.7
1205896821,微观经济学,臧日宏,4.9
1001959013,中国十大传统名曲赏析,唐珞,4.8
21001,中国近现代史纲要,段治文,4.8
1206503803,股权估值与趋势交易,严渝军,5.0
1205932804,中国近现代史纲要,王刚,4.8
1003540002,文学经典与热点透视,李慧,4.6
1002916013,巴蜀交通与对外交流,李勇先,4.9
1003024004,音乐学科教学法,郑莉,4.9
1206405815,环境工程微生物学,林海,4.5
1002471003,美术鉴赏――中国传统绘画鉴赏,秦仁强,4.4
1001983021,三维形式基础,钟鸣,4.7
1001742015,微积分（一）,高建,4.7
1002599006,创造你的音乐生活――大学音乐指南,谢嘉幸,4.9
1003369011,计算化学,鄢红,4.8
1003475003,化工过程与控制仿真实习,高东,4.9
1206675848,计算机科学与程序设计,陈宇峰,4.4
1001894005,程序设计与算法（二）算法基础,郭炜,4.9
1003111006,微生物学,辛明秀,4.8
47004,大学计算机,李凤霞,4.8
1003729002,程序设计基础（VB）,李茵,4.7
1001773008,软件测试,陈振宇,4.2
1001656002,电路分析基础,刘陈,4.9
1001995017,自动控制元件,池海红,4.7
1206456840,Python程序设计,陈春晖,4.8
1206024807,钢结构设计,李峰,4.8
1003567007,英国小说,王守仁,4.9
1001717005,思想道德修养与法律基础,佘双好,4.7
1001755352,中医护理学,徐桂华,4.9
1002839009,基因组学,杨金水,4.9
1002608038,基础化学实验（有机化学）,郭栋才,4.9
461003,抗菌药与超级细菌――天使与魔鬼的博弈,汤文璐,4.8
1205812802,材料科学基础,李铸国,4.7
1001932016,MATLAB及机电系统仿真,陈丹,4.4
1205911816,新媒体与社会治理,李明德,4.5
1206539804,数字时代的品牌传播,李华君,5.0
1002843010,电工与电子技术实验,高玄怡,4.9
1206455825,财务管理,宋淑琴,5.0
1206700828,英语语音与信息沟通,陈桦,4.9
1003469012,数学物理方法（一）――解析函数与留数定理,吴崇试,4.8
1206675812,大学通用俄语（2）,武晓霞,4.8
1003766017,篮球――基本技术,李笋南,4.8
1002837015,中国经济史研究理论与方法,林文勋,4.7
1002328025,逻辑学导论,李静,4.7
1002616008,《周礼》导读,王锷,4.9
1003142006,期权定价,杨学伟,4.8
1002420003,如何做创客教育,秦健,4.8
1206457821,市场营销学,白璇,4.5
1001572004,结构生物化学,杨荣武,4.9
1003248001,电工技术,宁涛,4.8
1002203003,大学物理Ⅱ――热学,王晓鸥,4.8
155004,模拟电子技术基础,王淑娟,4.4
1206977803,形势与政策,王维国,5.0
1205721816,神话与神话研究,王娟,4.6
1206687827,儿科学,母得志,5.0
1003514006,隧道工程,王薇,4.9
1002986007,会计信息系统,马晓平,4.7
1206410812,中医基础理论,马淑然,4.7
1001758008,工程流体力学,王国玉,4.9
1002602001,医学心理学,潘芳,4.3
1002336007,音乐与健康,王蕾,4.8
1206408809,新闻学基础：历史与理论,陆佳怡,4.8
1003541132,运动与慢病防治,任园春,4.8
1206626832,学术英语交流视听说,李征,4.8
1205723811,燃烧理论与设备,何伯述,5.0
1206008805,计算机导论,董卫军,4.6
1002080025,环境监测,马春燕,4.8
1003511003,战略推演：企业致胜七步法,王昶,4.9
1002602006,动物营养学,姚军虎,4.9
23003,微观经济学,文建东,4.8
1002769009,园艺植物育种学总论,曾黎辉,4.8
1003579006,创新班会课的设计与实施,齐学红,4.9
1001861003,操作系统原理及应用,江长斌,4.9
1206456819,基础法语,朱轶青,4.4
1002246012,大学生爱国教育十讲,王付欣,4.8
1003378004,比较教育学,陈时见,4.9
9001,C语言程序设计,翁恺,4.9
1003016011,人格心理学,师保国,4.8
1206021805,创新思维与发明问题解决方法,赵锋,4.9
1003483005,传染病防治与健康,白浪,4.9
1205885807,人像摄影,王真,4.8
1206581810,面板数据分析与Stata应用,方红生,4.8
1003359010,民事诉讼法,杨军,4.9
1002698021,遗传学,乔守怡,4.8
1207127806,实用中医儿科学,周永红,4.9
1001554015,交互式电子白板教学应用,张筱兰,4.8
1206497805,现代控制理论,王建全,4.5
1001638002,线性代数,宋叔尼,4.8
1001516001,有机化学,江洪,4.8
1003482002,瘾的奥秘,李静,4.9
1002599007,工尺谱概论,吴晓萍,4.8
93001,数据结构,陈越,4.9
1001639002,高等数学（一）,孙艳蕊,4.6
1205890803,房屋建筑学,覃琳,4.9
1206023809,矿物粉体工程,吴彩斌,4.6
1002834003,科技创业的商业计划,李东,4.8
462003,病原生物与人类,邵红霞,4.7
1002987001,符号计算语言-Mathematica,张娜,4.8
1002123006,半导体物理学,张志勇,4.9
1003639001,土木工程材料,程瑶,3.8
1206392806,二十世纪西方思想文化潮流,刘擎,4.7
1206686867,材料成型理论基础,吴树森,5.0
1003246008,管理信息系统,蒋勇,4.7
1002058035,零基础学Python语言CAP,嵩天,4.6
1002922021,医学影像学,徐海波,4.8
1002837008,改变生活的生物技术,吕红,4.8
17004,大学英语（口语）,刘源源,4.8
1001755362,选矿厂设计,匡亚莉,5.0
1205967812,运动营养学,张蕴琨,4.7
1206674857,船舶电子电气专业英语听力与会话,张晓峰,4.9
1002927014,胸外科学,岳韦名,5.0
1002703026,儒家经典文献导读,李凯,4.8
1205973801,西方文学作品导读,张辉,4.4
1003244009,销售管理,熊银解,4.6
1001553026,大学英语过程写作,林娟,4.7
1205806811,多元微积分导引,王冠香,5.0
1002604008,西方音乐史(上),潘澜,4.9
1002081005,英语有效表达：语言、修辞与逻辑,廖敏,4.7
1206462817,人格与精神障碍――学做自己的心理医生,贾艳滨,4.9
1206493803,奥运裁判教你学规则（排球篮球）,刘江,4.8
1003469015,计算思维―神秘的算法（算法设计与分析）,邹娟,4.7
1002840005,传播学概论,吴畅畅,4.9
1206386810,心理健康与心理咨询,杨宏飞,4.8
1001551007,大学英语自学课程（下）,张敬源,4.8
1205730804,中国艺术史,赵崇华,5.0
1205812812,丝路南线民间文学,梁玉金,4.6
1001753044,兽医寄生虫学,李祥瑞,4.9
20005,现代礼仪,袁涤非,4.8
1206449819,中央银行与货币政策,郭红玉,4.4
1003187007,交互式界面设计,石云平,4.6
1002597010,中国古代音乐史,陈荃有,4.8
1002922017,漫画入门,杨小舟,4.8
1206626830,沟通与人生,刘平青,5.0
1002476002,光影・光阴――早期中国电影漫谈系列,沈鲁,4.8
1205902801,生理学实验,周辰,4.8
1002901002,英美音乐与文化,周娉娣,4.8
1205824813,运动健身原理与方法,赫忠慧,4.7
1002199005,数据库系统概论,高海昌,4.9
1206254804,生命之火--灸,林咸明,4.6
1002109002,文化管理学,李丹,4.7
1003763010,电子商务系统的分析与设计,马敏书,4.9
1002565001,属性数据分析,冯峥晖,4.5
1003257004,土壤学,蔡鹏,4.8
1206895810,化工传质与分离过程,张香兰,4.9
1002921012,领导科学与决策,孙萍,4.9
1002853008,大学英语精读,刘晓红,4.8
98001,大学物理-相对论和量子物理,刘建强,3.6
1003434002,面向对象分析与设计,姜宁康,4.9
1001755117,云计算技术与应用,孙宁,4.4
9004,高等数学（一）,朱健民,4.9
1003322004,基础会计,张娆,4.9
1205723807,综合日语实践――基础日语1,周异夫,4.8
1001549001,传感器技术,吴琼水,4.8
1205915811,学校心理学：让每一个学生顺利成长,汤永隆,4.7
1002600009,生活中的自制乐器与演奏,赵洪啸,4.9
1002127001,大学计算机--Python算法实践,李金双,4.7
1003541124,国学通论（二）,窦可阳,5.0
1001771002,毛泽东思想和中国特色社会主义理论体系概论,黄秀玲,4.7
1002838005,科技视阈下的中国古代战争史,卢茁,4.8
1206503804,人类遗传探秘,杨易NXU,5.0
1002873001,中国古代文学,郭丹,4.9
1206299836,曲式基础,扈滨,5.0
1205721810,线性代数,黄正华,4.9
1206626802,止戈之心，话说中国武术（上）,陈思,4.9
309002,建筑评论,郑时龄,4.9
1003591005,软件测试,郑炜,4.7
1001933004,书法课堂,朱利,4.8
1002601030,大学英语综合教程（初级）,胡素芬,4.7
1003588002,高分子加工工艺,戴李宗,4.9
191001,药理学,张岫美,4.7
1003348001,中外出版史,万安伦,4.8
1002339006,“互联网+”教学设计与实践,何聚厚,4.7
1002875001,有机化学（上）,赵温涛,4.9
1002939006,放射诊断学,郭启勇,4.9
1001717004,中国近现代史纲要,宋俭,4.7
1001755341,环境设施设计,张凌浩,5.0
1002478005,室内花草栽培技术与装饰布景,刘金荣,4.8
1002000005,石油工业与环境保护概论,李石,3.7
1001907003,软件测试与质量,武剑洁,4.7
1205595801,法律基础,唐力,4.5
1002982007,工程机电,刘匀,4.6
1002842008,初级汉语口语,胡秀梅,4.7
1003382007,现代交换原理,卞佳丽,4.9
1206458821,三维动画基础,彭国华,4.9
1206623841,微机原理与接口技术,马静,4.3
1001965008,信息化教学能力之五项修炼,焦建利,4.8
1002600038,鞋靴造型设计,万蓬勃,4.9
88001,金融学（二）,李健,4.7
1001564002,管理心理学（下）,祝小宁,4.8
1206297837,轻松玩转吉他,徐宝,4.8
1002983011,口腔种植学,常晓峰,4.9
1001617006,大学计算机―计算思维导论CAP,战德臣,4.8
1001717003,马克思主义基本原理概论,孙来斌,4.7
1206620832,土木工程概论,易成,4.8
1206453822,个人理财,张颖,4.9
1205885805,诺奖经济大师看世界,刘耀彬,4.8
1206406805,中医气功学导论,魏玉龙,4.9
171001,高速铁路动车组技术,李芾,4.6
1003246006,交际英语,赵雪爱,4.8
1003020012,公司金融,江萍,4.9
1206610804,家庭社会工作,蒋国河,4.9
1003051007,人工智能产业应用前沿,林宇,4.7
1002535018,世界三大宗教与艺术,娄宇,4.8
1003541131,运动与减脂塑形,陈一冰,4.8
1001571006,理解马克思,张亮,4.8
1003517003,计算机程序设计基础,刘卫国,4.9
1002530025,服装流行分析与预测,刘丽娴,4.6
1003626002,体育科学研究方法,李艳翎,4.9
1002339007,中国衣裳――传统服装文化,李任飞,4.8
1003616003,人人应该知道的社会保障,刘钧,4.7
1003026007,异常心理学（变态心理学）,上官芳芳,4.8
492005,创行-大学生创新创业实务,乔宝刚,4.8
1206169802,形体训练,徐丽萨,4.4
1003381021,数字图像处理,顾力栩,4.8
1001655003,绿色康复,刘忠良,4.8
154003,大学物理(力学、振动和波、相对论),孟庆鑫,4.7
1205933806,遥感数字影像处理与农业应用,苏伟,4.5
1001755394,交通管理与控制,陈峻,4.9
1003790006,中医药创新创业,王世宇,4.9
1001737032,走进创业,王自强/陶向南,4.8
1002043009,无机化学-原理Ⅰ,郑兰荪,4.8
1001909004,大学生科技创新课程之交通科技大赛,张祖涛,4.9
1001941004,Java程序设计,唐大仕,4.6
1002991001,马克思主义基本原理概论,张明国,4.7
1002924016,汉语upup,熊莉,5.0
